id;type;data;data_content_type;name;dimension
1;bypass Right-sized;../fake-data/blob/hipster.png;image/png;quantify Avon Profit-focused;52046
2;Buckinghamshire;../fake-data/blob/hipster.png;image/png;Ergonomic;14321
3;Solutions Pakistan;../fake-data/blob/hipster.png;image/png;Cambridgeshire;51112
4;XSS;../fake-data/blob/hipster.png;image/png;compress Run;75157
5;Chips Home;../fake-data/blob/hipster.png;image/png;Unbranded Namibia teal;56970
6;Niederl√§ndische Intelligent experiences;../fake-data/blob/hipster.png;image/png;Forward;29108
7;Usability Rubber;../fake-data/blob/hipster.png;image/png;Personal logistical Rustic;4793
8;leading-edge;../fake-data/blob/hipster.png;image/png;Shilling Guinea-Bissau;29062
9;optimize;../fake-data/blob/hipster.png;image/png;upX;41166
10;Account Gloves;../fake-data/blob/hipster.png;image/png;Dalasi bandwidth panel;24807
